{"test_return_mean": 0.1702164502164502, "test_return_std": 0.2064556911116881, "test_ep_length_mean": 49.68, "_timestamp": 1715654529.0805922, "_runtime": 1592.2674572467804, "_step": 458}