{"test_return_mean": 0.17540476190476187, "test_return_std": 0.21974868387318264, "test_ep_length_mean": 49.96, "_timestamp": 1715654521.9663022, "_runtime": 1886.702035188675, "_step": 159}