{"test_return_mean": 0.07332539682539682, "test_return_std": 0.12055186651199692, "test_ep_length_mean": 50.0, "_timestamp": 1715654526.997532, "_runtime": 4551.549964904785, "_step": 396}