{"test_return_mean": 0.055876984126984136, "test_return_std": 0.12124030554008332, "test_ep_length_mean": 50.0, "_timestamp": 1715654525.2034547, "_runtime": 1523.7617938518524, "_step": 114}