{"test_return_mean": 0.18646825396825398, "test_return_std": 0.19566955728671243, "test_ep_length_mean": 50.0, "_timestamp": 1715654527.472491, "_runtime": 2194.1204500198364, "_step": 641}