{"test_return_mean": 0.0, "test_return_std": 0.0, "test_ep_length_mean": 50.0, "_timestamp": 1715654523.7574513, "_runtime": 4246.879757404327, "_step": 394}