{"test_return_mean": 0.22738888888888886, "test_return_std": 0.20892104540327205, "test_ep_length_mean": 49.7, "_timestamp": 1715654529.9974196, "_runtime": 1528.4479036331177, "_step": 467}